ministry_or_category,scheme_name,scheme_url
State Level (Haryana),Haryana State Start-ups Scheme,https://startupharyana.gov.in/
State Level (Haryana),PADMA Scheme,https://msme.haryana.gov.in/padma-schemes/
State Level (Haryana),Mukhya Mantri Antyodaya Parivar Utthan Yojana (MMAPUY),https://haryanait.gov.in/mukhya-mantri-antyodaya-parivar-utthan-yojana-mmapuy/
State Level (Haryana),State Mini Cluster Development Scheme,https://haryanaindustries.gov.in
State Level (Haryana),Critical Infrastructure Development Scheme,https://haryanaindustries.gov.in
State Level (Haryana),Industrial Infrastructure Development Scheme,https://haryanaindustries.gov.in
State Level (Haryana),HUM Registration,https://haryana.gov.in
MSME & Finance,Pradhan Mantri Mudra Yojana (PMMY),https://www.mudra.org.in
MSME & Finance,CGTMSE (Credit Guarantee Fund Trust for MSEs),https://www.cgtmse.in
MSME & Finance,SIDBI SMILE Scheme,https://www.sidbi.in/smile
MSME & Finance,NSIC Credit Support Scheme,https://www.nsic.co.in
MSME & Finance,NSIC Raw Material Assistance Scheme,https://www.nsic.co.in/rmas
MSME & Finance,NSIC Marketing Support Scheme,https://www.nsic.co.in
MSME & Finance,Mahila Udyam Nidhi Scheme (SIDBI),https://www.sidbi.in
MSME & Finance,SIDBI Direct Credit Scheme,https://www.sidbi.in
MSME & Finance,Equipment Finance for MSMEs (SIDBI),https://www.sidbi.in
MSME & Finance,Working Capital Loan Scheme (SIDBI),https://www.sidbi.in
Compliance & Registration,Udyam Registration Portal,https://udyamregistration.gov.in
Compliance & Registration,GeM Onboarding for MSMEs,https://gem.gov.in
Compliance & Registration,BIS Certification Scheme,https://bis.gov.in
Compliance & Registration,FSSAI Licensing & Registration,https://foscos.fssai.gov.in
Compliance & Registration,DPIIT Recognition for Startups,https://www.startupindia.gov.in/content/sih/en/recognition.html
Export Promotion,MEIS (Merchandise Exports from India Scheme),https://dgft.gov.in
Export Promotion,SEIS (Service Exports from India Scheme),https://dgft.gov.in/seis
Export Promotion,Interest Equalization Scheme on Export Credit,https://rbi.org.in
Export Promotion,ECGC Export Credit Guarantee Schemes,https://www.ecgc.in
Export Promotion,Export Credit Insurance for Banks (ECIB),https://www.ecgc.in/ecib
Export Promotion,Transport & Marketing Assistance (TMA),https://apeda.gov.in/tma
Agriculture Processing,SAMPADA Scheme (Food Processing),https://mofpi.gov.in/sampada
Agriculture Processing,PM Kisan Sampada Yojana,https://pmksy.mofpi.gov.in
Agriculture Processing,Operation Greens,https://mofpi.gov.in/operation-greens
Agriculture Processing,Cold Chain Infrastructure Scheme,https://mofpi.gov.in/coldchain
Textiles,Textile Upgradation Fund Scheme (TUFS),https://tufs.nic.in
Textiles,SAMARTH Scheme for Textiles,https://samarth-textiles.gov.in
Textiles,National Handloom Development Programme (NHDP),https://handlooms.nic.in/nhdp
Textiles,PM Mega Integrated Textile Region and Apparel (PM MITRA),https://texmin.nic.in/pm-mitra
Textiles,Powertex India Scheme,https://texmin.nic.in/powertex
Textiles,Integrated Wool Development Programme,https://texmin.nic.in/iwdp
Electronics,Modified Electronics Manufacturing Clusters (EMC 2.0),https://www.meity.gov.in/emc
Electronics,Design Linked Incentive (DLI) Scheme,https://www.meity.gov.in/dli
Electronics,Scheme for Promotion of Manufacturing of Electronic Components (SPECS),https://www.meity.gov.in/specs
Electronics,STPI Software Technology Park Incentives,https://www.stpi.in
Electronics,ESDM – Electronic System Design and Manufacturing Scheme,https://www.meity.gov.in
Women Entrepreneurship,Pradhan Mantri Rozgar Protsahan Yojana (PMRPY),https://pmrpy.gov.in
Women Entrepreneurship,Deen Dayal Antyodaya Yojana - Urban (DAY-NULM),https://nulm.gov.in
Women Entrepreneurship,Annapurna Scheme,https://www.sbi.co.in/web/agri-rural/agriculture-banking/annapurna-scheme
Women Entrepreneurship,Stree Shakti Package for Women Entrepreneurs,https://sbi.co.in
Women Entrepreneurship,Cent Kalyani Scheme (Central Bank),https://www.centralbankofindia.co.in
Social Justice,National Backward Classes Finance & Dev Corporation (NBCFDC),https://www.nbcfdc.gov.in
Social Justice,National Minorities Development & Finance Corp (NMDFC),https://nmdfc.org
Social Justice,Pradhan Mantri SVANidhi (PM Street Vendor Loan),https://pmsvanidhi.mohua.gov.in
Social Justice,Self Employment Scheme for Rehabilitation of Manual Scavengers (SRMS),https://nskfdc.nic.in
Rural Development,DAY-NRLM – Deendayal Antyodaya Yojana (Rural),https://aajeevika.gov.in
Rural Development,PMEGP via Khadi & Village Industries Commission,https://www.kviconline.gov.in
Rural Development,National Rural Livelihood Mission (NRLM),https://aajeevika.gov.in/nrlm
Rural Development,Rashtriya Gram Swaraj Abhiyan (RGSA),https://rgsa.nic.in
Infrastructure & Logistics,ULIP – Unified Logistics Interface Platform,https://goulip.in/
Infrastructure & Logistics,PM GatiShakti National Master Plan,https://pmgatishakti.gov.in
Infrastructure & Logistics,Logistics Efficiency Enhancement Programme (LEEP),https://commerce.gov.in
Infrastructure & Logistics,Sagarmala Programme,https://sagarmala.gov.in
Infrastructure & Logistics,Bharatmala Pariyojana,https://nhidcl.com/bharatmala
Water & Sanitation,AMRUT 2.0,https://amrut.gov.in
Water & Sanitation,National Water Mission,https://jalshakti-dowr.gov.in/nwm
Water & Sanitation,Jal Jeevan Mission,https://jaljeevanmission.gov.in
Digital India,DigiLocker,https://digilocker.gov.in
Digital India,e-RUPI Scheme,https://www.npci.org.in/what-we-do/erupi
Digital India,ONDC (Open Network for Digital Commerce),https://ondc.org
Digital India,Account Aggregator Framework,https://sahamati.org.in
Digital India,IndiaStack Initiatives,https://indiastack.org
Tax Incentives,Section 80IAC – Tax Exemption for Startups,https://www.incometax.gov.in
Tax Incentives,Angel Tax Exemption for DPIIT Startups,https://www.startupindia.gov.in/content/sih/en/government-schemes/angel-tax-exemption.html
Tax Incentives,MSME Delayed Payment Portal (MSME SAMADHAAN),https://samadhaan.msme.gov.in
Tax Incentives,MSME SAMBANDH (Public Procurement Portal),https://msme.gov.in/sambandh
Intellectual Property,Startup IP Protection – Fast Track Patent Examination,https://ipindia.gov.in
Intellectual Property,SIPP Scheme (Startup Intellectual Property Protection),https://ipindia.gov.in/sipp
Intellectual Property,Design Registration Facilitation for Startups,https://ipindia.gov.in
Intellectual Property,GI Tag – Geographical Indications Registry,https://ipindia.gov.in/gi
Space & Defence,ISRO Start-up Policy & Technology Transfer,https://www.isro.gov.in
Space & Defence,DRDO CEPTAM Scheme,https://www.drdo.gov.in
Space & Defence,Defence India Startup Challenge (DISC) – iDEX,https://idex.gov.in/disc
Space & Defence,Innovations for Defence Excellence (iDEX4Fauji),https://idex.gov.in
Healthcare,Ayushman Bharat Digital Mission (ABDM),https://abdm.gov.in
Healthcare,National Health Mission (NHM) Innovation Fund,https://nhm.gov.in
Healthcare,PM Ayushman Bharat Health Infrastructure Mission,https://pmaim.mohfw.gov.in
Education & Skilling,National Apprenticeship Promotion Scheme (NAPS),https://apprenticeshipindia.org
Education & Skilling,PM YASASVI Scholarship,https://yet.nta.ac.in
Education & Skilling,Pradhan Mantri Uchchatar Shiksha Protsahan (PM-USP),https://scholarship.up.gov.in
Education & Skilling,National Scholarship Portal (NSP),https://scholarships.gov.in
Tribal Development,Van Dhan Vikas Kendra (VDVK),https://trifed.tribal.gov.in/vdvk
Tribal Development,Tribal Innovation & Entrepreneurship Fund (TIEF),https://trifed.tribal.gov.in
Tribal Development,North East Venture Fund (NEVF),https://sidbi.in/ne
North East Special,NE Development Finance Corporation (NEDFi),https://nedfi.com
North East Special,North East Industrial Development Scheme (NEIDS),https://commerce.gov.in/neids
North East Special,Venture Capital Fund for Scheduled Castes (VCFSC),https://ifci.in
Finance & Banking,Jan Dhan Yojana (PMJDY),https://pmjdy.gov.in
Finance & Banking,Sukanya Samriddhi Yojana,https://www.nsiindia.gov.in
Finance & Banking,Pradhan Mantri Jeevan Jyoti Bima Yojana (PMJJBY),https://jansuraksha.gov.in
Finance & Banking,Pradhan Mantri Suraksha Bima Yojana (PMSBY),https://jansuraksha.gov.in
Finance & Banking,Atal Pension Yojana,https://www.npscra.nsdl.co.in/apy
Innovation Grants,BIRAC BioAngels Network,https://birac.nic.in/bioangels.php
Innovation Grants,NSTEDB Entrepreneurship Awareness Camps,https://dst.gov.in/nstedb
Innovation Grants,Atal Tinkering Labs (ATL),https://aim.gov.in/atl
Innovation Grants,Mission Innovation India,https://missioninnovation.in
Innovation Grants,Smart Cities Mission,https://smartcities.gov.in
Innovation Grants,National Innovation Foundation (NIF) Grants,https://nif.org.in
Carbon & Environment,Green India Mission,https://moef.gov.in/green-india-mission
Carbon & Environment,Faster Adoption of Manufacturing of Hybrid and Electric Vehicles (FAME),https://fame2.heavyindustries.gov.in
Carbon & Environment,National Clean Energy Fund (NCEF),https://coal.nic.in
Carbon & Environment,MNRE Off-grid Solar Power Schemes,https://mnre.gov.in
State Level (Karnataka),Karnataka Startup Policy,https://startup.karnataka.gov.in
State Level (Karnataka),KDEM Elevate Programme,https://elevate.karnataka.gov.in
State Level (Maharashtra),Maharashtra State Innovation Society,https://maha-innovation.in
State Level (Maharashtra),Maha Startup Scheme,https://startup.maharashtra.gov.in
State Level (Tamil Nadu),Tamil Nadu Startup & Innovation Policy,https://startuptn.in
State Level (Tamil Nadu),EDII Tamil Nadu Incubation Scheme,https://edii.org.in
State Level (Gujarat),Gujarat Startup Policy,https://ic.gujarat.gov.in
State Level (Gujarat),iCreate – International Centre for Entrepreneurship and Technology,https://icreate.org.in
State Level (UP),UP Startup Policy & One District One Product (ODOP),https://startup.up.gov.in
State Level (UP),UP MSME and Export Promotion Council Schemes,https://upmsme.in
State Level (Rajasthan),Rajasthan Startup & MSME Policy,https://rajasthan.gov.in/startups
State Level (Telangana),T-Hub Foundation Incubation,https://t-hub.co
State Level (Telangana),WE-Hub Women Entrepreneurship Program,https://wehub.telangana.gov.in
State Level (Andhra Pradesh),AP Innovation Society & APEX Incubation,https://apinnovation.ap.gov.in
State Level (Kerala),Kerala Startup Mission (KSUM),https://startupmission.kerala.gov.in
State Level (Delhi),Delhi Startup Policy,https://investdelhionline.com
Fisheries,Fisheries and Aquaculture Infrastructure Development Fund (FIDF),https://dof.gov.in/fidf
Fisheries,Blue Revolution – Neela Kranti,https://dof.gov.in/blue-revolution
Finance & Banking,Emergency Credit Line Guarantee Scheme (ECLGS),https://www.ncgtc.in/eclgs
Finance & Banking,Credit Guarantee Fund for Micro Units (CGFMU),https://www.ncgtc.in/cgfmu
Finance & Banking,RBI Regulatory Sandbox for Fintech,https://www.rbi.org.in/Scripts/bs_viewcontent.aspx?Id=3854
Finance & Banking,SEBI Innovation Sandbox,https://www.sebi.gov.in/innovation-sandbox
Finance & Banking,SIDBI Make in India Soft Loan Fund (SMILE),https://www.sidbi.in/en/products/smile
Finance & Banking,NSIC Bill Discounting Scheme,https://www.nsic.co.in/scheme/bill-discounting
Finance & Banking,Jan Samarth Portal – Unified Credit Scheme Portal,https://www.jansamarth.in
Commerce & Trade,Duty Drawback Scheme,https://www.cbic.gov.in/resources//htdocs-cbec/customs/cs-act/formatted-htmls/drawback
Commerce & Trade,Advance Authorization Scheme,https://www.dgft.gov.in/CP/?opt=advance-authorization
Commerce & Trade,Special Economic Zone (SEZ) Scheme,https://www.sezindia.nic.in
Commerce & Trade,Export Oriented Unit (EOU) Scheme,https://www.dgft.gov.in/CP/?opt=EOU
Commerce & Trade,Software Technology Park (STP) Scheme,https://www.stpi.in/en-in/about-stpi/stp-scheme
Commerce & Trade,One District One Product (ODOP) Export Scheme,https://odop.in
Commerce & Trade,Interest Subvention Scheme for MSMEs on Post Shipment Credit,https://msme.gov.in
Commerce & Trade,ECGC MSME Export Scheme,https://www.ecgc.in
Agriculture,PM Fasal Bima Yojana (PMFBY),https://pmfby.gov.in
Agriculture,PM Kisan Samman Nidhi (PM-KISAN),https://pmkisan.gov.in
Agriculture,National Mission for Sustainable Agriculture (NMSA),https://nmsa.dac.gov.in
Agriculture,Paramparagat Krishi Vikas Yojana (PKVY) – Organic Farming,https://pgsindia-ncof.gov.in/PKVY
Agriculture,Sub-Mission on Agricultural Mechanisation (SMAM),https://agrimachinery.nic.in
Agriculture,National Beekeeping & Honey Mission (NBHM),https://nbhm.dac.gov.in
Agriculture,Micro Irrigation Fund (MIF) – NABARD,https://nabard.org/content1.aspx?id=588
Agriculture,Agricultural Infrastructure Fund (AIF),https://agriinfra.dac.gov.in
Agriculture,Formation and Promotion of FPOs Scheme,https://sfacindia.com/FPO
Agriculture,National Agriculture Market (e-NAM),https://www.enam.gov.in
Agriculture,PM Annadata Aay Sanrakshan Abhiyan (PM-AASHA),https://agricoop.nic.in/en/pm-aasha
Agriculture,National Food Security Mission (NFSM),https://nfsm.gov.in
Agriculture,Agri Export Zones (AEZ),https://apeda.gov.in/apedawebsite/aez
Agriculture,Interest Subvention Scheme for Short Term Credit to Farmers,https://agricoop.nic.in
Agriculture,Kisan Credit Card (KCC) for Farmers,https://www.nabard.org/auth/writereaddata/tender/1806180417Revised%20KCC%20guidelines.pdf
Fisheries,Kisan Credit Card for Fisheries & Animal Husbandry,https://dof.gov.in
Fisheries,National Scheme on Welfare of Fishermen,https://dof.gov.in
Fisheries,Aquaculture Development Scheme (MPEDA),https://mpeda.gov.in
Horticulture,Mission for Integrated Development of Horticulture (MIDH),https://midh.gov.in
Horticulture,National Horticulture Mission (NHM),https://nhm.nic.in
Horticulture,Horticulture Cluster Development Programme (CDP),https://nhb.gov.in
Horticulture,National Horticulture Board (NHB) Schemes,https://nhb.gov.in
MSME,Micro & Small Enterprises Cluster Development Programme (MSE-CDP),https://msme.gov.in/mse-cdp
MSME,National SC/ST Hub,https://scsthub.in
MSME,MSME Competitive (LEAN) Scheme,https://lean.msme.gov.in
MSME,Digital MSME Scheme,https://digital.msme.gov.in
MSME,Udyam Assist Platform (UAP) for Informal Sector,https://udyamassist.gov.in
MSME,Raising and Accelerating MSME Performance (RAMP),https://ramp.gov.in
MSME,Champions Portal for MSME Grievance Resolution,https://champions.gov.in
Textiles,National Technical Textiles Mission (NTTM),https://technicaltext.in
Textiles,Amended Technology Upgradation Fund Scheme (ATUFS),https://tufs.nic.in
Textiles,Integrated Processing Development Scheme (IPDS),https://texmin.nic.in
Textiles,Scheme for Integrated Textile Parks (SITP),https://texmin.nic.in
Textiles,Handloom Weavers Comprehensive Welfare Scheme,https://handlooms.nic.in
Textiles,Workshed Scheme for Handloom Weavers,https://handlooms.nic.in
Textiles,Yarn Supply Scheme for Handloom Weavers,https://handlooms.nic.in
Textiles,MUDRA Loan for Weavers (Weaver MUDRA Scheme),https://www.mudra.org.in
Textiles,Raw Material Supply Scheme (RMSS) for Handlooms,https://handlooms.nic.in
Textiles,Handicrafts Artisan Comprehensive Welfare Scheme,https://handicrafts.nic.in
Electronics & IT,IndiaAI Compute Initiative,https://indiaai.gov.in
Electronics & IT,Cyber Security Centre of Excellence (CCoE),https://www.meity.gov.in/ccoe
Electronics & IT,MeitY Startup Hub (MSH),https://msh.meity.gov.in
Electronics & IT,National Supercomputing Mission (NSM),https://www.nsmindia.in
Electronics & IT,BharatNet Broadband Infrastructure,https://dot.gov.in/bharatnet
Electronics & IT,PM-WANI (WiFi Access Network Interface),https://dot.gov.in/pm-wani
Electronics & IT,National Quantum Mission,https://dst.gov.in/quantum-mission
Electronics & IT,Semicon India Programme,https://semicon.gov.in
Renewable Energy,National Green Hydrogen Mission,https://greenhydrogen.mnre.gov.in
Renewable Energy,Solar Parks & Ultra Mega Solar Power Projects,https://seci.co.in
Renewable Energy,Small Hydro Power Programme,https://mnre.gov.in
Renewable Energy,National Wind-Solar Hybrid Policy,https://mnre.gov.in
Renewable Energy,Offshore Wind Energy Policy,https://mnre.gov.in
Energy Efficiency,Perform Achieve and Trade (PAT) Scheme,https://beeindia.gov.in/pat
Energy Efficiency,UJALA Scheme – Unnat Jyoti by Affordable LEDs,https://ujala.gov.in
Energy Efficiency,Standards & Labelling Programme (BEE),https://beeindia.gov.in/sl
Energy Efficiency,National Mission for Enhanced Energy Efficiency (NMEEE),https://beeindia.gov.in/nmeee
Healthcare,National Digital Health Mission (NDHM),https://abdm.gov.in
Healthcare,Pradhan Mantri Swasthya Suraksha Yojana (PMSSY),https://mohfw.gov.in
Healthcare,National AYUSH Mission,https://ayush.gov.in
Healthcare,Pradhan Mantri Bhartiya Janaushadhi Pariyojana (PMBJP),https://janaushadhi.gov.in
Healthcare,Medical Devices Park Scheme,https://pharmaceuticals.gov.in/medical-device-park
Healthcare,Bulk Drug Parks Scheme,https://pharmaceuticals.gov.in/bulk-drug-parks
Healthcare,National Tele Mental Health Programme (Tele-MANAS),https://telemanas.mohfw.gov.in
Education,PM SHRI Schools (PM Schools for Rising India),https://pmshrischools.education.gov.in
Education,Institutes of Eminence (IoE) Scheme,https://www.education.gov.in/ioe
Education,IMPRINT India (Impacting Research Innovation and Technology),https://www.imprintindia.org
Education,Global Initiative for Academic Networks (GIAN),https://gian.iitkgp.ac.in
Education,SWAYAM Free Online Education Platform,https://swayam.gov.in
Education,Pradhan Mantri Research Fellows (PMRF) Scheme,https://www.pmrf.in
Education,SWAYAM PRABHA DTH Channels for Education,https://swayamprabha.gov.in
Defence & Space,Make in India for Defence (MII Defence),https://www.mod.gov.in/make-in-india
Defence & Space,DRDO Technology Transfer to Industry,https://www.drdo.gov.in/technology-transfer
Defence & Space,Atmanirbhar Bharat Defence Production Policy,https://www.mod.gov.in
Defence & Space,DSIR Recognition for In-house R&D Units,https://www.dsir.gov.in
Infrastructure,Atal Mission for Rejuvenation and Urban Transformation (AMRUT 1.0),https://amrut.gov.in
Infrastructure,National Urban Livelihood Mission (NULM),https://nulm.gov.in
Infrastructure,HRIDAY – Heritage City Development and Augmentation Yojana,https://hridayindia.in
Infrastructure,National Industrial Corridor Programme (NICP),https://nicdc.in
Infrastructure,Delhi Mumbai Industrial Corridor (DMIC),https://dmicdc.com
Infrastructure,Viability Gap Funding (VGF) for PPP Projects,https://dea.gov.in/vgf
Tourism,Swadesh Darshan Scheme 2.0,https://swadesha-darshan.gov.in
Tourism,PRASAD Scheme – Pilgrimage Rejuvenation,https://prasad.nic.in
Tourism,Hunar Se Rozgar Tak (HSRT) Scheme,https://tourism.gov.in/hsrt
Tourism,Homestay Scheme for Rural Tourism,https://tourism.gov.in
Tourism,Medical & Wellness Tourism Policy,https://tourism.gov.in
Mining & Minerals,National Mineral Exploration Trust (NMET) Grants,https://nmet.nic.in
Mining & Minerals,PM Khanij Kshetra Kalyan Yojana (PMKKKY),https://mines.gov.in/pmkkky
Mining & Minerals,District Mineral Foundation (DMF) Support,https://mines.gov.in/dmf
Mining & Minerals,Geological Survey of India (GSI) Startup Mineral Exploration,https://www.gsi.gov.in
Social Welfare,Pradhan Mantri Matru Vandana Yojana (PMMVY),https://pmmvy.wcd.gov.in
Social Welfare,Beti Bachao Beti Padhao (BBBP),https://wcd.nic.in/bbbp-schemes
Social Welfare,One Stop Centre Scheme (Sakhi),https://wcd.nic.in/schemes/one-stop-centre-scheme
Social Welfare,Support to Training & Employment Programme (STEP),https://wcd.nic.in/step-scheme
Social Welfare,Mission Shakti – Women Safety & Empowerment,https://wcd.nic.in/mission-shakti
Social Welfare,Pradhan Mantri Ujjwala Yojana (PMUY),https://pmuy.gov.in
Tribal Welfare,TRIFED Schemes for Tribal Enterprises,https://trifed.tribal.gov.in
Tribal Welfare,Pradhan Mantri Van Dhan Yojana,https://trifed.tribal.gov.in/vdvk
Tribal Welfare,Mechanism for Marketing of Minor Forest Produce (MFP),https://trifed.tribal.gov.in
Tribal Welfare,Eklavya Model Residential Schools (EMRS),https://emrs.tribal.gov.in
Pharmaceuticals,MedTech Regulatory Sandbox (CDSCO),https://cdsco.gov.in
Pharmaceuticals,Central Drugs Standard Control Organisation Fast Track,https://cdsco.gov.in
Logistics & Transport,Multimodal Logistics Park (MMLP) Scheme,https://nhidcl.com
Logistics & Transport,Dedicated Freight Corridor (DFC) Industry Linkage,https://dfccil.com
Logistics & Transport,LEEP – Logistics Ease Across Different States,https://logisticsease.dpiit.gov.in
State Level (Punjab),Punjab Startup and Entrepreneurship Policy,https://invest.punjab.gov.in
State Level (Punjab),Invest Punjab – Business First Portal,https://investpunjab.gov.in
State Level (Madhya Pradesh),MP Startup Policy & Yuva Udyami Yojana,https://mpedistrict.gov.in
State Level (Madhya Pradesh),MP MSME Development Policy,https://mpmsme.gov.in
State Level (Odisha),Odisha Startup Policy & iStart Odisha,https://startupodisha.gov.in
State Level (Odisha),MSME Development Policy Odisha,https://msme.odisha.gov.in
State Level (West Bengal),West Bengal Startup Policy,https://msmewb.gov.in
State Level (West Bengal),Bengal Silicon Valley Startup Hub,https://wbsidco.gov.in
State Level (Jharkhand),Jharkhand Startup Policy,https://jharkhand.gov.in
State Level (Assam),Assam Startup – Nidhi Program,https://assamstartup.com
State Level (Bihar),Bihar Startup Policy,https://startup.bihar.gov.in
State Level (Himachal Pradesh),HP Startup Yojana & HIMSTART,https://hpkvn.nic.in
State Level (Chhattisgarh),CG Startup Policy & Nava Raipur Innovation City,https://cgstartup.in
State Level (Goa),Goa Startup Policy,https://startup.goa.gov.in
State Level (Uttarakhand),Uttarakhand Startup Policy & SIDCUL Incubation,https://investuttarakhand.com
State Level (J&K),J&K New Industrial Development Scheme (J&K NIDS),https://jkindustrialdev.nic.in
State Level (J&K),StartUp J&K Initiative,https://jkstartupsummit.in
Deep Tech & Innovation,Technology Innovation Hub (TIH) – DST,https://dst.gov.in/technology-innovation-hubs
Deep Tech & Innovation,National Mission on Interdisciplinary Cyber-Physical Systems (NM-ICPS),https://dst.gov.in/nm-icps
Deep Tech & Innovation,National Biopharma Mission,https://birac.nic.in/nbm.php
Deep Tech & Innovation,Startup India Innovation Week Challenge,https://www.startupindia.gov.in
Deep Tech & Innovation,Centre for Nano Science and Engineering (CeNSE) Grants,https://cense.iisc.ac.in
Deep Tech & Innovation,Space Technology Incubation Centre (S-TIC) – ISRO,https://www.isro.gov.in/s-tic
Incubation & Acceleration,IIT Technology Business Incubators (TBIs),https://www.iitb.ac.in/incubator
Incubation & Acceleration,NIT Innovation & Entrepreneurship Development Centre,https://www.nitk.ac.in
Incubation & Acceleration,NASSCOM 10000 Startups Programme,https://10000startups.com
Incubation & Acceleration,STPI Centres of Entrepreneurship (CoE),https://www.stpi.in/en-in/coe
Incubation & Acceleration,IIM Ahmedabad CIIE.CO – Bharat Inclusion Initiative,https://ciie.co
Incubation & Acceleration,SIDBI Startup Mitra – Incubation Portal,https://www.startupindia.gov.in/content/sih/en/startupgov/startup-mitra.html
Water & Sanitation,Atal Bhujal Yojana (Groundwater Management),https://atalbhujal.gov.in
Water & Sanitation,Swachh Bharat Mission – Urban 2.0,https://sbmurban.org
Water & Sanitation,Swachh Bharat Mission – Gramin Phase II,https://swachhbharatmission.gov.in
Water & Sanitation,GOBAR-DHAN Scheme,https://sbm.gov.in/gobardhan
Housing & Urban,Affordable Rental Housing Complexes (ARHC) Scheme,https://arhc.mohua.gov.in
Housing & Urban,Light House Projects (LHP) for Affordable Housing,https://lhp.mohua.gov.in
Media & Entertainment,NFDC Production Grants,https://www.nfdcindia.com
Media & Entertainment,Film Facilitation Office (FFO) – Single Window Clearance,https://ffo.gov.in
Media & Entertainment,"AVGC-XR Policy (Animation, VFX, Gaming, Comics)",https://www.meity.gov.in/avgc
Handicrafts & Culture,Ambedkar Hastshilp Vikas Yojana,https://handicrafts.nic.in
Handicrafts & Culture,Design & Technical Upgradation Scheme for Handicrafts,https://handicrafts.nic.in
Handicrafts & Culture,Marketing Support & Services for Handicrafts,https://handicrafts.nic.in
Handicrafts & Culture,Export Promotion for Handicrafts (EPCH),https://www.epch.in
Handicrafts & Culture,National Centre for Textile Design (NCTD),https://nctd.gov.in
Telecom,PLI for Telecom & Networking Products,https://dot.gov.in/pli-telecom
Telecom,Digital Communications Innovation Square (DCIS),https://dot.gov.in/dcis
Telecom,Telecom Technology Development Fund (TTDF),https://dot.gov.in/ttdf
Telecom,5G Use Case Labs & Testbeds Initiative,https://dot.gov.in/5g
Telecom,Universal Service Obligation Fund (USOF) Schemes,https://usof.gov.in
Sports,Khelo India – Sport Tech Fund,https://kheloindia.gov.in
Sports,Target Olympic Podium Scheme (TOPS),https://yas.nic.in/tops
Sports,National Sports Development Fund (NSDF),https://yas.nic.in/nsdf
Sports,Sports Authority of India (SAI) Training Grants,https://sai.gov.in
Intellectual Property,MSME IP Facilitation Centre,https://ipindia.gov.in/msme-ip
Intellectual Property,Traditional Knowledge Digital Library (TKDL),https://www.tkdl.res.in
Intellectual Property,National IPR Policy 2016 Implementation Schemes,https://ipindia.gov.in
Legal & Regulatory,MSME Pre-Pack Insolvency Resolution Process (PPIRP),https://ibbi.gov.in
Legal & Regulatory,Ease of Doing Business – BizReform App,https://bizreform.eodb.gov.in
Legal & Regulatory,Shram Suvidha Portal – Labour Compliance,https://shramsuvidha.gov.in
Legal & Regulatory,NCLT Fast Track Insolvency for MSMEs,https://nclt.gov.in
Food Processing,Mega Food Parks Scheme,https://mofpi.gov.in/schemes/mega-food-parks
Food Processing,Integrated Cold Chain and Value Addition Infrastructure,https://mofpi.gov.in
Food Processing,Scheme for Agro-Marine Processing & Development (SAMPADA),https://mofpi.gov.in/sampada
Food Processing,Food Safety & Standards Authority of India (FSSAI) Compliance Support,https://www.fssai.gov.in
Animal Husbandry,Animal Husbandry Infrastructure Development Fund (AHIDF),https://ahidf.udyamimitra.in
Animal Husbandry,PM Matsya Kisan Samridhi Sah-Yojana (PM-MKSSY),https://pmmsy.dof.gov.in
Animal Husbandry,National Livestock Mission (NLM),https://dahd.nic.in/nlm
Animal Husbandry,National Programme for Dairy Development (NPDD),https://dahd.nic.in/npdd
Animal Husbandry,Dairy Processing & Infrastructure Development Fund (DIDF),https://nddb.coop/services/dairy-development/didf
Animal Husbandry,Rashtriya Gokul Mission,https://dahd.nic.in/rashtriya-gokul-mission
Cooperative Sector,National Cooperative Development Corporation (NCDC) Grants,https://www.ncdc.in
Cooperative Sector,Cooperative Societies Credit Support Scheme,https://www.ncdc.in
Cooperative Sector,PACS (Primary Agricultural Cooperative Societies) Computerisation,https://pacs.nddb.coop
Cooperative Sector,National Cooperative Exports Limited (NCEL) Scheme,https://www.nafed-india.com
Cooperative Sector,Multi State Cooperative Societies Development Fund,https://mscs.dac.gov.in
PSU Support,GAIL Pankh Startup Initiative,https://www.gail.nic.in
PSU Support,Indian Oil Startup Scheme,https://iocl.com/startup
PSU Support,HAL Innovation & Startup Centre,https://hal-india.co.in
PSU Support,SAIL Startup & Innovation Policy,https://www.sail.co.in
PSU Support,BEL Innovation & Startup Support,https://bel-india.in
PSU Support,IRCTC Startup Innovation Fund,https://www.irctc.co.in
PSU Support,RailTel Innovation Challenge,https://www.railtelindia.com
PSU Support,NHPC Start-Up Initiative,https://nhpc.nic.in
PSU Support,Power Grid Innovation Challenge,https://powergridindia.com
Innovation Grants,CSIR Technologies for MSMEs,https://www.csir.res.in
Innovation Grants,ICMR Research Grants for Health Startups,https://www.icmr.gov.in
Innovation Grants,ICAR – Agri Startup Grants,https://www.icar.org.in
Innovation Grants,NABARD RIDF (Rural Infrastructure Development Fund),https://www.nabard.org/ridf
Innovation Grants,GIZ – DEG India Startup Finance,https://www.giz.de/en/worldwide/369.html
Women Entrepreneurship,Mudra Shishu Loans for Women (Under PMMY),https://www.mudra.org.in
Women Entrepreneurship,WEP – Women Entrepreneurship Platform (NITI Aayog),https://wep.gov.in
Women Entrepreneurship,She Means Business – Digital Skills for Women,https://www.facebook.com/business/m/she-means-business
Women Entrepreneurship,Dena Shakti Scheme for Women (Bank of Baroda),https://www.bankofbaroda.in
Women Entrepreneurship,Synd Mahila Shakti Scheme (Syndicate Bank),https://www.canarabank.com
State Level (Tamil Nadu),TIDCO – Tamil Nadu Industrial Dev. Corp Schemes,https://www.tidco.com
State Level (Tamil Nadu),TANSIDCO MSME Support Scheme,https://tansidco.org
State Level (Karnataka),Startup Karnataka Policy 2022-27,https://startup.karnataka.gov.in
State Level (Karnataka),Elevate 100 Programme,https://elevate.karnataka.gov.in
State Level (Andhra Pradesh),AP Startup Policy & Innovation,https://apinnovation.ap.gov.in
State Level (Andhra Pradesh),Vizag Fintech Valley,https://fintechvalley.in
State Level (Telangana),T-Works Prototype Manufacturing Hub,https://t-works.telangana.gov.in
State Level (Telangana),Hyderabad Pharma City Startup Scheme,https://hmda.gov.in
State Level (Maharashtra),MahaDBT – Direct Benefit Transfer for Entrepreneurs,https://mahadbt.maharashtra.gov.in
State Level (Maharashtra),Maharashtra Industrial Development Corporation (MIDC) Schemes,https://midcindia.org
State Level (Gujarat),iHub Gujarat – Technology Innovation Fund,https://ihubahemdabad.in
State Level (Gujarat),GVFL – Gujarat Venture Finance Ltd Fund,https://www.gvfl.com
State Level (UP),Nivesh Mitra – UP Single Window Portal,https://niveshmitra.up.nic.in
State Level (UP),UP Textile Park Scheme,https://upica.org
State Level (Rajasthan),iStart Rajasthan,https://istart.rajasthan.gov.in
State Level (Rajasthan),RIPS (Rajasthan Investment Promotion Scheme),https://rajinvestment.rajasthan.gov.in
State Level (Madhya Pradesh),Mukhya Mantri Udyam Kranti Yojana,https://samast.mponline.gov.in
State Level (Kerala),KSUM Special Grants for Deep Tech,https://startupmission.kerala.gov.in
State Level (Kerala),Kerala Technology Startup Policy,https://startupmission.kerala.gov.in
Ports & Shipping,Sagarmala Port Modernisation Programme,https://sagarmala.gov.in
Ports & Shipping,Sagarmala Coastal Community Development,https://sagarmala.gov.in
Ports & Shipping,Ship Building Financial Assistance Policy,https://shipmin.gov.in
Ports & Shipping,National Waterway Development – IWAI Schemes,https://iwai.nic.in
Ports & Shipping,Coastal Shipping Incentive Scheme,https://shipmin.gov.in
Ports & Shipping,Maritime India Vision 2030 – Startup Grants,https://sagarmala.gov.in
Ports & Shipping,Green Ship Building Incentive Scheme,https://shipmin.gov.in
Road Transport,NHAI InvIT – Infrastructure Investment Trust for Highways,https://nhai.gov.in
Road Transport,PM Gram Sadak Yojana (PMGSY) Phase III,https://pmgsy.nic.in
Road Transport,National Highway Logistics Facilities – NHLF,https://nhai.gov.in
Road Transport,Hybrid Annuity Model (HAM) for Highway Projects,https://nhai.gov.in
Road Transport,BOT Toll Highway Startup Opportunities,https://morth.nic.in
Railways,Indian Railways Station Redevelopment Programme,https://irsdc.gov.in
Railways,Rail Logistics Policy – Private Freight Terminal,https://indianrailways.gov.in
Railways,One Station One Product (OSOP) Scheme,https://indianrailways.gov.in
Railways,Indian Railways Startup Policy (IRSDC),https://irsdc.gov.in
Railways,Private Train Operators Policy,https://indianrailways.gov.in
Railways,Kisan Rail for Agri Produce Transport,https://indianrailways.gov.in
Steel,Steel Scrap Recycling Policy,https://steel.gov.in
Steel,National Steel Policy 2017 – MSME Cluster Support,https://steel.gov.in
Steel,R&D for Steel (R&D Fund),https://steel.gov.in
Steel,Domestic Steel Procurement Preference Policy,https://steel.gov.in
Chemicals & Petrochemicals,"Petroleum, Chemicals and Petrochemicals Investment Region (PCPIR)",https://dpiit.gov.in/pcpir
Chemicals & Petrochemicals,PLI Scheme for White Goods (AC & LED),https://dpiit.gov.in/pli-white-goods
Chemicals & Petrochemicals,New Chemical Policy for MSMEs,https://chemicals.nic.in
Chemicals & Petrochemicals,Paints & Coatings Industry Development Scheme,https://chemicals.nic.in
Chemicals & Petrochemicals,Plastic Parks Scheme,https://chemicals.nic.in/plastic-parks
Mining & Minerals,Critical Minerals Mission – Startup Support,https://mines.gov.in
Mining & Minerals,Exploration Licence for Private Players,https://mines.gov.in
Mining & Minerals,Khanij Bidesh India Ltd (KABIL) Overseas Mineral Support,https://kabilindia.com
Mining & Minerals,Mine Developer and Operator (MDO) Policy,https://mines.gov.in
Urban Development,Pradhan Mantri MUDRA Yojana Urban Special Window,https://www.mudra.org.in
Urban Development,National Urban Innovation Stack (NUIS),https://nuisnet.gov.in
Urban Development,PM SVANidhi Plus (Micro Credit for Street Vendors),https://pmsvanidhi.mohua.gov.in
Urban Development,Metro Rail Policy – Private Participation,https://mohua.gov.in
Urban Development,Transit Oriented Development (TOD) Policy,https://mohua.gov.in
Urban Development,Smart Cities Innovation Challenge Fund,https://smartcities.gov.in
Urban Development,National Common Mobility Card (NCMC),https://mohua.gov.in
Power & Electricity,Revamped Distribution Sector Scheme (RDSS),https://reforms.descom.in
Power & Electricity,KUSUM-A Solar Power for Farmers,https://pmkusum.mnre.gov.in
Power & Electricity,PLI for Solar PV Modules,https://mnre.gov.in/pli-solar
Power & Electricity,PM Surya Ghar Subsidy – Rooftop Solar,https://pmsuryaghar.gov.in
Power & Electricity,Electricity Amendment Act – Open Access for MSMEs,https://powermin.gov.in
Power & Electricity,National Electricity Fund (NEF),https://powermin.gov.in
Power & Electricity,Smart Metering Implementation (AMISP),https://powermin.gov.in
Digital India,Meity's Data Centre Policy,https://www.meity.gov.in
Digital India,India Enterprise Architecture (InEA),https://www.meity.gov.in
Digital India,Government e-Marketplace (GeM) Seller Onboarding,https://gem.gov.in
Digital India,Open Government Data Platform (OGD),https://data.gov.in
Digital India,MyScheme – Centralized Government Scheme Portal,https://www.myscheme.gov.in
Digital India,e-Sanjeevani Telemedicine Platform for Health Startups,https://esanjeevani.mohfw.gov.in
Digital India,Aadhaar-Based Startup Authentication Services,https://uidai.gov.in
Digital India,DigiYatra – Aviation Digital Identity Platform,https://www.digiyatra.com
Tax & Compliance,Tax Collected at Source (TCS) Exemption for Startups,https://www.incometax.gov.in
Tax & Compliance,Startup GST Exemption & Composition Scheme,https://www.gst.gov.in
Tax & Compliance,ESOP Tax Deferment for Startup Employees,https://www.startupindia.gov.in
Tax & Compliance,Self-Certification for Labour Laws (Startups),https://www.startupindia.gov.in
Tax & Compliance,Three-Year Tax Holiday for DPIIT Startups (80IAC),https://www.incometaxindia.gov.in
Tax & Compliance,Presumptive Taxation Scheme (Section 44AD) for MSMEs,https://www.incometaxindia.gov.in
Tax & Compliance,GST QRMP Scheme for MSMEs,https://www.gst.gov.in/qrmp
Agriculture & AgriTech,National Mission on Edible Oils – Oil Palm (NMEO-OP),https://nmeo.dac.gov.in
Agriculture & AgriTech,PM Kisan Maan Dhan Yojana (PM-KMY) Pension for Farmers,https://pmkmy.gov.in
Agriculture & AgriTech,Soil Health Card Scheme,https://soilhealth.dac.gov.in
Agriculture & AgriTech,National Mission on Oilseeds and Oil Palm (NMOOP),https://nmoop.gov.in
Agriculture & AgriTech,Integrated Scheme for Agricultural Marketing (ISAM),https://agricoop.nic.in
Agriculture & AgriTech,Agristack – Federated Farmers Database,https://agristack.gov.in
Agriculture & AgriTech,IFFCO Nano Urea Initiative for Agri Startups,https://www.iffco.in
Agriculture & AgriTech,NABARD Watershed Development Fund,https://www.nabard.org/wdf
Agriculture & AgriTech,Farmer Producer Organisation (FPO) Equity Grant Fund,https://sfacindia.com
Agriculture & AgriTech,APEDA Agri Export Promotion Scheme,https://apeda.gov.in
Agriculture & AgriTech,National Project on Organic Farming (NPOF),https://ncof.dacnet.nic.in
Animal Husbandry,Dairy Entrepreneurship Development Scheme (DEDS),https://dahd.nic.in/deds
Animal Husbandry,Poultry Venture Capital Fund,https://dahd.nic.in
Animal Husbandry,National Programme for Bovine Breeding & Dairy Dev (NPBBD),https://dahd.nic.in
Animal Husbandry,Integrated Development of Small Ruminants & Rabbits,https://dahd.nic.in
Animal Husbandry,National Livestock Health & Disease Control Programme,https://dahd.nic.in
Silk & Khadi,Integrated Scheme for Development of Silk Industry (ISDSI),https://texmin.nic.in
Silk & Khadi,Central Silk Board – Bivoltine Silk Development Programme,https://csb.gov.in
Silk & Khadi,KVIC Prime Minister Employment Generation Programme (PMEGP),https://www.kviconline.gov.in
Silk & Khadi,Khadi Gramodyog Vikas Yojana (KGVY),https://www.kviconline.gov.in
Silk & Khadi,SFURTI – Silk Cluster Development,https://sfurti.msme.gov.in
Gems & Jewellery,Gold Monetisation Scheme (GMS),https://www.rbi.org.in/gms
Gems & Jewellery,India International Jewellery Show (IIJS) Participation Support,https://www.gjepc.org
Gems & Jewellery,Special Notified Zone (SNZ) for Diamond Trading,https://www.dgft.gov.in
Gems & Jewellery,Gem & Jewellery Export Promotion Council (GJEPC) Schemes,https://www.gjepc.org
Gems & Jewellery,Gems & Jewellery Sector PLI – Design Innovation Grant,https://dpiit.gov.in
Electronics Manufacturing,PLI for Large Scale Electronics Manufacturing,https://www.meity.gov.in/pli
Electronics Manufacturing,PLI for Mobile Phones & Specified Electronic Components,https://www.meity.gov.in/pli
Electronics Manufacturing,Electronics Cluster Development Programme (ECDP),https://www.meity.gov.in
Electronics Manufacturing,National Centre for Flexible Electronics (NCFlexE),https://ncflexe.iitk.ac.in
Electronics Manufacturing,Indian Semiconductor Research Centre (ISRC) Grants,https://semicon.gov.in
Space Economy,IN-SPACe Authorization for Private Space Launch,https://www.inspaceindia.org
Space Economy,NewSpace India Ltd (NSIL) Technology Transfer,https://www.nsilindia.co.in
Space Economy,Geospatial Data Liberalisation – NGIS Policy,https://dst.gov.in/geospatial-guidelines
Space Economy,Indian National Space Promotion & Authorization Centre (IN-SPACe) Seed Fund,https://www.inspaceindia.org
Space Economy,ISRO Technology Transfer Programme,https://www.isro.gov.in/technology-transfer
Space Economy,Space Situational Awareness (SSA) Startup Support,https://www.isro.gov.in
Media & Entertainment,National Film Award Support for Startups,https://dff.gov.in
Media & Entertainment,OTT Platform Development Incentive,https://www.meity.gov.in
Media & Entertainment,Broadcast Audience Research Council (BARC) Data Access for Startups,https://www.barcindia.co.in
Media & Entertainment,India Game Developer Conference (IGDC) Support,https://www.meity.gov.in
CleanTech & GreenTech,National Mission on Strategic Knowledge for Climate Change (NMSKCC),https://dst.gov.in/nmskcc
CleanTech & GreenTech,National Action Plan on Climate Change (NAPCC) Schemes,https://moef.gov.in/napcc
CleanTech & GreenTech,Startup India Climate Action Challenge,https://www.startupindia.gov.in
CleanTech & GreenTech,CERC Green Term Ahead Market (GTAM) for Startups,https://cercind.gov.in
CleanTech & GreenTech,Sustainable Finance for Green MSMEs (SIDBI Green Finance),https://www.sidbi.in/green
CleanTech & GreenTech,National Mission for a Green India (GIM),https://moef.gov.in/green-india-mission
CleanTech & GreenTech,National Clean Air Programme (NCAP) Innovation Fund,https://cpcb.nic.in/ncap
CleanTech & GreenTech,EESL Energy Efficiency Innovation Support,https://eeslindia.org
FinTech & BFSI,Account Aggregator (AA) Framework for FinTech Startups,https://sahamati.org.in
FinTech & BFSI,UPI Innovation Fund (NPCI),https://www.npci.org.in
FinTech & BFSI,RBI FinTech Repository,https://www.rbi.org.in/fintech
FinTech & BFSI,IFSCA FinTech Incentive Scheme (GIFT City),https://ifsca.gov.in
FinTech & BFSI,SEBI FinTech Regulatory Framework for WealthTech,https://www.sebi.gov.in
FinTech & BFSI,IRDAI Regulatory Sandbox for InsurTech,https://www.irdai.gov.in
FinTech & BFSI,PFRDA Innovation for PensionTech Startups,https://www.pfrda.org.in
FinTech & BFSI,GIFT City Financial Services Startup Support,https://www.giftcity.in
FinTech & BFSI,Open Credit Enablement Network (OCEN) for Lenders,https://ocen.dev
FinTech & BFSI,National Payments Corporation of India (NPCI) BharatPay,https://www.npci.org.in
Healthcare & MedTech,MedTech Startup Innovation Program (MSIP),https://cdsco.gov.in
Healthcare & MedTech,National Programme for Prevention & Control of Cancer (NPCC),https://mohfw.gov.in
Healthcare & MedTech,PM National Dialysis Programme,https://mohfw.gov.in
Healthcare & MedTech,National Organ & Tissue Transplant Organisation (NOTTO),https://notto.abdm.gov.in
Healthcare & MedTech,Pradhan Mantri National AIDS Control Programme,https://naco.gov.in
Healthcare & MedTech,National TB Elimination Programme – Digital Initiative,https://nikshay.in
Healthcare & MedTech,National Mental Health Programme (NMHP) Startup Support,https://nimhans.ac.in
Healthcare & MedTech,India MedTech Expo & Investment Support,https://pharmaceuticals.gov.in
EdTech & Skills,National Digital Library of India (NDLI),https://ndl.iitkgp.ac.in
EdTech & Skills,Coding for Kids Initiative – CBSE & MeitY,https://www.meity.gov.in/coding
EdTech & Skills,Apprenticeship Embedded Degree Programme (AEDP),https://apprenticeshipindia.org
EdTech & Skills,Jan Shikshan Sansthan (JSS) Vocational Training,https://jss.nic.in
EdTech & Skills,Pradhan Mantri Kaushal Kendras (PMKK),https://www.skillindia.gov.in/pmkk
EdTech & Skills,Modular Employable Skills (MES) Scheme,https://dgt.gov.in
EdTech & Skills,Craftsmen Training Scheme (CTS) – ITI,https://dgt.gov.in/cts
EdTech & Skills,Skill Vouchers for Private Training Providers,https://www.skillindia.gov.in
EdTech & Skills,Recognition of Prior Learning (RPL) Scheme,https://pmkvyofficial.org/rpl
EdTech & Skills,National Apprenticeship Training Scheme (NATS),https://mhrdnats.gov.in
Social Entrepreneurship,Impact Investors Council (IIC) India Fund,https://iicin.org
Social Entrepreneurship,Social Stock Exchange (SSE) – SEBI Framework,https://www.sebi.gov.in/sse
Social Entrepreneurship,NGO Darpan – CSR Fund Access Portal,https://ngodarpan.gov.in
Social Entrepreneurship,PM CARES Fund CSR Project Support,https://pmcares.gov.in
Social Entrepreneurship,Corporate Social Responsibility (CSR) Innovation Fund,https://www.mca.gov.in/csr
Social Entrepreneurship,Atal Community Innovation Centre (ACIC),https://aim.gov.in/acic
Social Entrepreneurship,Social Alpha Innovation Platform,https://socialalpha.org
Water Technology,National Water Awards (NWA) Innovation Support,https://jalshakti-dowr.gov.in/nwa
Water Technology,PM Krishi Sinchayee Yojana (PMKSY) – Micro Irrigation,https://pmksy.gov.in
Water Technology,National Hydrology Project (NHP) Data Access for Startups,https://nhp.gov.in
Water Technology,Namami Gange – Ganga Rejuvenation Innovation Fund,https://nmcg.nic.in
Water Technology,Aquifer Mapping & Management Programme,https://cgwb.gov.in
Cooperative & Rural,Pradhan Mantri Micro Food Processing Enterprises (PM-FME),https://pmfme.mofpi.gov.in
Cooperative & Rural,National Rural Economic Transformation Project (NRETP),https://aajeevika.gov.in
Cooperative & Rural,Pradhan Mantri Gram Sadak Yojana (PMGSY) – Connectivity for Agri,https://pmgsy.nic.in
Cooperative & Rural,Shyama Prasad Mukherji Rurban Mission (SPMRM),https://rurban.gov.in
Cooperative & Rural,National Social Assistance Programme (NSAP),https://nsap.nic.in
Cooperative & Rural,Deen Dayal Upadhyay Grameen Kaushalya Yojana (DDU-GKY),https://ddugky.gov.in
Cooperative & Rural,Mahatma Gandhi NREGA (MGNREGS) Convergence,https://nrega.nic.in
MSME Clusters,Common Facility Centre (CFC) under MSE-CDP,https://msme.gov.in
MSME Clusters,Infrastructure Development Scheme for MSME Clusters,https://msme.gov.in
MSME Clusters,Technology Centre Systems Programme (TCSP),https://tcsp.gov.in
MSME Clusters,National Manufacturing Competitiveness Programme (NMCP),https://msme.gov.in/nmcp
MSME Clusters,Procurement and Marketing Support Scheme (PMS) for MSMEs,https://msme.gov.in
MSME Clusters,Design Clinic Scheme for MSMEs,https://designclinic.in
MSME Clusters,Bar Coding / Quality Certification Reimbursement Scheme,https://msme.gov.in
State Level (Sikkim),Sikkim State Startup Policy,https://sikkim.gov.in
State Level (Nagaland),Nagaland Startup Policy – StartupNaga,https://nagaland.gov.in
State Level (Manipur),Manipur Startup Policy,https://manipur.gov.in
State Level (Tripura),Tripura Startup Policy,https://tripura.gov.in
State Level (Meghalaya),Meghalaya Startup Policy – MeghaStart,https://meghalaya.gov.in
State Level (Arunachal Pradesh),Arunachal Pradesh Industrial Investment Policy,https://arunachalpradesh.gov.in
State Level (Mizoram),Mizoram State Startup Policy,https://mizoram.gov.in
State Level (Uttarakhand),Mukhyamantri Swarozgar Yojana – Uttarakhand,https://msy.uk.gov.in
State Level (Himachal Pradesh),HP Mukhya Mantri Swavalamban Yojana,https://mmsy.hp.gov.in
State Level (Delhi),Delhi Industrial Policy 2021,https://dsidc.in
State Level (Haryana),Haryana Udhyam Memorandum Digital Portal,https://msme.haryana.gov.in
State Level (Rajasthan),Rajasthan MSME (Facilitation of Establishment and Operation) Act,https://rajasthan.gov.in
State Level (Gujarat),MSME Assistance Programme Gujarat,https://ic.gujarat.gov.in
State Level (Punjab),Punjab Skill Development Mission,https://pbskills.gov.in
State Level (Karnataka),Karnataka Digital Economy Mission (KDEM),https://startup.karnataka.gov.in
State Level (Tamil Nadu),TIDCO Venture Capital Fund,https://www.tidco.com
State Level (Andhra Pradesh),YSR Jagananna Chedodu Scheme for MSMEs,https://ap.gov.in
State Level (Telangana),Telangana MSME Policy 2020,https://tsiic.telangana.gov.in
State Level (Kerala),Kerala Financial Corporation (KFC) MSME Loans,https://www.kfc.org
State Level (Madhya Pradesh),MP Trade & Investment Facilitation Corporation (TRIFAC),https://www.mptrifac.in
State Level (Odisha),MSME Technology Upgradation Subsidy – Odisha,https://msme.odisha.gov.in
State Level (West Bengal),WBIDC Industrial Park Scheme,https://www.wbidc.com
State Level (Bihar),Bihar Industrial Investment Promotion Policy,https://udyog.bihar.gov.in
State Level (Jharkhand),Jharkhand MSME Policy 2015 (Revised),https://jharkhand.gov.in
State Level (Assam),Assam Industrial & Investment Policy,https://industrycommerce.assam.gov.in
State Level (Chhattisgarh),CG Industrial Policy 2019-24,https://industries.cg.gov.in
Innovation Ecosystem,National Initiative for Developing and Harnessing Innovations (NIDHI),https://nidhi.dst.gov.in
Innovation Ecosystem,BIRAC PACE Programme for Biotech Incubation,https://birac.nic.in/pace.php
Innovation Ecosystem,Centre of Excellence for IoT (IoT CoE) MeitY,https://www.meity.gov.in/iot-coe
Innovation Ecosystem,National Robotics Mission (DST),https://dst.gov.in
Innovation Ecosystem,Centre of Excellence for Drones & Counter Drone Systems,https://dst.gov.in
Innovation Ecosystem,National Centre of Excellence for Green Port & Shipping (NCoEGPS),https://sagarmala.gov.in
Innovation Ecosystem,IIT Hyderabad Deep Tech Startup Incubator,https://iith.ac.in/incubator
Innovation Ecosystem,IISc Start-up Connect & DESE Incubation,https://www.iisc.ac.in
Innovation Ecosystem,CCAMP (Centre for Cellular and Molecular Platforms),https://ccamp.res.in
Innovation Ecosystem,Venture Center Pune – NCL Innovation Park,https://venturecenter.co.in
PSU Support,Coal India Ltd (CIL) Innovation & Startup Fund,https://www.coalindia.in
PSU Support,ONGC Energy Centre (OEC) for Clean Energy Startups,https://ongcenergy.com
PSU Support,BSNL Startup & Innovation Challenge,https://www.bsnl.co.in
PSU Support,MTNL Innovation Programme,https://www.mtnl.net.in
PSU Support,Airport Authority of India (AAI) Startup Support,https://www.aai.aero
PSU Support,CONCOR (Container Corporation) Logistics Startup Challenge,https://www.concorindia.com
PSU Support,Hindustan Copper Ltd (HCL) Innovation Support,https://www.hindustancopper.com
PSU Support,National Aluminium Company (NALCO) Startup Fund,https://nalcoindia.com
PSU Support,TCIL Technology Startup Programme,https://www.tcil-india.com
Food Processing,PM Micro Food Processing Enterprises Scheme (PM-FME),https://pmfme.mofpi.gov.in
Food Processing,Food Testing Infrastructure – NABL Accreditation Support,https://www.nabl-india.org
Food Processing,Cold Storage Infrastructure Subsidy (NHB),https://nhb.gov.in
Food Processing,APEDA Export Facilitation for Organic Products,https://apeda.gov.in
Food Processing,Indian Institute of Food Processing Technology (IIFPT) Incubation,https://iifpt.edu.in
Food Processing,National Institute of Food Technology Entrepreneurship & Management (NIFTEM),https://www.niftem.ac.in
Jal Shakti,PM Krishi Sinchayee Yojana – Har Khet Ko Pani,https://pmksy.gov.in
Jal Shakti,National Water Resource Development Programme,https://jalshakti-dowr.gov.in
Jal Shakti,Pradhan Mantri Krishi Sinchayee Yojana – Watershed Development,https://pmksy.gov.in/watershed
Jal Shakti,Per Drop More Crop – Micro Irrigation,https://pmksy.gov.in/microirrigation
Jal Shakti,Repair Renovation Restoration (RRR) of Water Bodies,https://jalshakti-dowr.gov.in
Jal Shakti,National Aquifer Mapping Programme (NAQUIM),https://cgwb.gov.in
Drone & UAV,PLI Scheme for Drones & Drone Components,https://dpiit.gov.in/pli-drones
Drone & UAV,Drone Shakti Initiative (MoCA),https://www.civilaviation.gov.in/drone
Drone & UAV,National Drone Policy 2021,https://www.dgca.gov.in/digigov-portal
Drone & UAV,Kisan Drone Scheme – Agriculture UAV Subsidy,https://agricoop.nic.in
Drone & UAV,DRDO – Drone Technology Development Fund,https://www.drdo.gov.in
Drone & UAV,Drone Didi Scheme for Women SHGs,https://www.pib.gov.in
Drone & UAV,UTM (Unmanned Traffic Management) Framework for Startups,https://www.dgca.gov.in
EV & Green Mobility,FAME India Phase II – EV Purchase Subsidy,https://fame2.heavyindustries.gov.in
EV & Green Mobility,PM E-Bus Sewa – Electric Bus Deployment,https://mohua.gov.in
EV & Green Mobility,EMPS 2024 – Electric Mobility Promotion Scheme,https://heavyindustries.gov.in
EV & Green Mobility,EV Charging Infrastructure Development Scheme,https://beeindia.gov.in
EV & Green Mobility,National Electric Mobility Mission Plan (NEMMP),https://dhi.nic.in
EV & Green Mobility,EESL EV Aggregation Scheme for Bulk Procurement,https://eeslindia.org
EV & Green Mobility,EV Battery Swapping Policy (NITI Aayog),https://www.niti.gov.in
EV & Green Mobility,Alternate Fuels for Transportation (Hydrogen Mobility),https://dst.gov.in
Bioeconomy & Biofuels,National Policy on Biofuels 2018 (Revised 2022),https://petroleum.nic.in/biofuel
Bioeconomy & Biofuels,Pradhan Mantri JI-VAN Yojana (Biofuel),https://petroleum.nic.in
Bioeconomy & Biofuels,SATAT Scheme – Compressed Biogas (CBG),https://petroleum.nic.in/satat
Bioeconomy & Biofuels,Ethanol Blending Programme (EBP),https://petroleum.nic.in/ebp
Bioeconomy & Biofuels,National Bamboo Mission,https://nbm.nic.in
Bioeconomy & Biofuels,BIRAC Industrial Biofoundry Support,https://birac.nic.in
Semiconductors,PLI for Semiconductors & Display Fab,https://semicon.gov.in
Semiconductors,Design Linked Incentive (DLI) for Chip Design,https://semicon.gov.in/dli
Semiconductors,India Semiconductor Mission (ISM) Startup Support,https://semicon.gov.in/ism
Semiconductors,Compound Semiconductors & Other Electronics Scheme,https://semicon.gov.in
Semiconductors,Advanced Chemistry Cell (ACC) Battery PLI,https://dhi.nic.in/acc
Robotics & Automation,National Robotics Programme – DST,https://dst.gov.in/robotics
Robotics & Automation,ATAL Innovation Mission – Robotics Challenge,https://aim.gov.in
Robotics & Automation,Centre of Excellence for Robotics (CoER),https://dst.gov.in
Robotics & Automation,Industrial Automation & Industry 4.0 Scheme – MeitY,https://www.meity.gov.in
Robotics & Automation,MSME Industry 4.0 Adoption Scheme,https://msme.gov.in
Cybersecurity,National Cyber Security Policy Implementation Fund,https://cert-in.org.in
Cybersecurity,CERT-In Startup Empanelment Scheme,https://cert-in.org.in
Cybersecurity,DSCI Cybersecurity Startup Programme,https://www.dsci.in
Cybersecurity,Cyber Surakshit Bharat Initiative,https://www.meity.gov.in
Cybersecurity,Information Security Education & Awareness (ISEA) Grants,https://isea.gov.in
Cybersecurity,National Cyber Coordination Centre (NCCC) Partner Programme,https://www.meity.gov.in
AI & Data,NASSCOM AI Gamechangers Programme,https://nasscom.in
AI & Data,"MeitY AI CoE – Farming, Healthcare & Smart Cities",https://indiaai.gov.in
AI & Data,National Data & Analytics Platform (NDAP),https://ndap.niti.gov.in
AI & Data,AI for Agriculture – ICAR-ICRISAT Partnership Grant,https://www.icar.org.in
AI & Data,India AI Startup Fellowship Programme,https://indiaai.gov.in
AI & Data,ResponsibleAI Startup Grants (NASSCOM & MeitY),https://nasscom.in/ai
AI & Data,AI & ML Research Grant – DST SERB,https://www.serbonline.in
Climate & Environment,Green Climate Fund – India Projects,https://moef.gov.in/gcf
Climate & Environment,LIFE Programme (Lifestyle for Environment),https://www.missionlife-india.com
Climate & Environment,National Mission for Himalayan Studies (NMHS),https://gbpihedenvis.nic.in
Climate & Environment,National Mission for Sustaining the Himalayan Ecosystem,https://dst.gov.in/nmshej
Climate & Environment,National Adaptation Fund for Climate Change (NAFCC),https://moef.gov.in/nafcc
Climate & Environment,National Wetlands Conservation Programme (NWCP),https://moef.gov.in/wetlands
Climate & Environment,Compensatory Afforestation Fund (CAMPA) Grants,https://campa.gov.in
Climate & Environment,PM Van Mitra Scheme – Urban Forestry,https://moef.gov.in
North East Special,North East Special Infrastructure Development Scheme (NESIDS),https://mdoner.gov.in/nesids
North East Special,Schemes under Ministry of DoNER (North East),https://mdoner.gov.in
North East Special,Special Accelerated Road Development Programme for NE (SARDP-NE),https://morth.nic.in
North East Special,Bamboo Mission for North East,https://nbm.nic.in
North East Special,North East Rural Livelihood Project (NERLP),https://nerlp.gov.in
North East Special,PM DevINE – PM Development Initiative for NE Region,https://mdoner.gov.in/pm-devine
North East Special,Integrated Basin Development & Livelihoods Programme (IBDLP) – Meghalaya,https://meghalaya.gov.in
Island Development,Holistic Development of Islands (Andaman & Lakshadweep),https://islanddevelopment.gov.in
Island Development,NITI Aayog Island Development Agency Scheme,https://www.niti.gov.in
Island Development,Lakshadweep Development Corporation Schemes,https://lakshadweep.gov.in
Minority Affairs,PM Jan Vikas Karyakram (PMJVK),https://minorityaffairs.gov.in/pmjvk
Minority Affairs,Seekho aur Kamao (Learn & Earn) for Minorities,https://minorityaffairs.gov.in
Minority Affairs,Usttad Scheme (Minorities Artisan Development),https://minorityaffairs.gov.in/usttad
Minority Affairs,Nai Manzil – Education & Skill Development for Minorities,https://minorityaffairs.gov.in
Minority Affairs,NMDFC Concessional Loan Schemes,https://nmdfc.org
Minority Affairs,Garib Nawaz Employment Scheme,https://nmdfc.org
Minority Affairs,Hamari Dharohar – Cultural Heritage Preservation,https://minorityaffairs.gov.in
Minority Affairs,Jiyo Parsi Scheme,https://www.minorityaffairs.gov.in/jiyoparsi
OBC Development,National Backward Classes Finance & Dev Corp (NBCFDC) Loans,https://www.nbcfdc.gov.in
OBC Development,OBC Pre-Matric & Post-Matric Scholarship Scheme,https://scholarships.gov.in
OBC Development,Dr. Ambedkar Post-Matric Scholarship for EBC,https://scholarships.gov.in
OBC Development,Central Sector Scheme for Top Class Education for SC Students,https://scholarships.gov.in
OBC Development,Venture Capital Fund for SCs (VCFSC) – IFCI,https://ifci.in/vcfsc
Divyangjan & Senior Citizens,Assistance to Disabled Persons (ADIP Scheme),https://disabilityaffairs.gov.in/adip
Divyangjan & Senior Citizens,Scheme for Implementation of Persons with Disabilities Act (SIPDA),https://disabilityaffairs.gov.in
Divyangjan & Senior Citizens,National Fellowship for Students with Disabilities,https://scholarships.gov.in
Divyangjan & Senior Citizens,PM Accessible India Campaign (Sugamya Bharat),https://accessibleindia.gov.in
Divyangjan & Senior Citizens,National Trust Scheme for Persons with Autism etc.,https://thenationaltrust.gov.in
Divyangjan & Senior Citizens,Senior Care Ageing Growth Engine (SAGE) – Startup Support,https://social.nic.in/sage
Ex-Servicemen,Ex-Servicemen Contributory Health Scheme (ECHS),https://echs.gov.in
Ex-Servicemen,PM Rozgar Yojana for Ex-Servicemen,https://ksb.gov.in
Ex-Servicemen,Kendriya Sainik Board Startup & Entrepreneurship Fund,https://ksb.gov.in
Ex-Servicemen,Canteen Stores Department MSME Procurement Scheme,https://csd.gov.in
Certification & Standards,Bureau of Indian Standards (BIS) Hallmarking Scheme,https://bis.gov.in/hallmarking
Certification & Standards,National Accreditation Board for Testing & Calibration Labs (NABL),https://www.nabl-india.org
Certification & Standards,Quality Council of India (QCI) Certification Support for MSMEs,https://www.qcin.org
Certification & Standards,Agmark Certification for Agricultural Products,https://agmark.gov.in
Certification & Standards,APEDA HACCP & Organic Certification Support,https://apeda.gov.in
Certification & Standards,National Organic Farming Research Institute (NOFRI) Certification,https://nofri.org.in
Postal & Logistics,India Post Payments Bank (IPPB) – MSME Banking,https://www.ippbonline.com
Postal & Logistics,India Post Logistics – e-Commerce Integration Scheme,https://www.indiapost.gov.in
Postal & Logistics,Postal Life Insurance (PLI) for MSMEs,https://pliindia.gov.in
Postal & Logistics,DigiGaon – Rural Digital Hub via Post Offices,https://www.indiapost.gov.in
Housing Finance,Credit Risk Guarantee Fund Trust for Low Income Housing,https://mohua.gov.in/crgftlih
Housing Finance,Interest Subsidy Scheme for Housing (CLSS under PMAY),https://pmay-urban.gov.in
Housing Finance,HUDCO Loan Scheme for Affordable Housing Projects,https://hudco.org
Housing Finance,NHB Refinance Schemes for Housing Finance Companies,https://nhb.org.in
Housing Finance,Pradhan Mantri Awas Yojana Credit Linked Subsidy Scheme (CLSS-MIG),https://pmay-urban.gov.in
Legal & IP,National Intellectual Property Awareness Mission (NIPAM),https://nipam.in
Legal & IP,IP India – Patent Filing Fee Reduction for Startups,https://ipindia.gov.in
Legal & IP,Startup Legal Facilitation – Virtual Courts for IP Disputes,https://doj.gov.in
Legal & IP,Arbitration & Conciliation Centre for MSMEs (SAMADHAAN),https://samadhaan.msme.gov.in
Legal & IP,Fast-Track Trademark Registration for Startups,https://ipindia.gov.in
Legal & IP,Copyright Societies Support Scheme,https://copyright.gov.in
Labour & Employment,Pradhan Mantri Rojgar Protsahan Yojana (PMRPY) 2.0,https://pmrpy.gov.in
Labour & Employment,Employee Provident Fund (EPF) Subsidy for New Establishments,https://www.epfindia.gov.in
Labour & Employment,ESIC Health Insurance Scheme for MSME Workers,https://www.esic.gov.in
Labour & Employment,Atal Bimit Vyakti Kalyan Yojana (ABVKY),https://www.esic.gov.in/abvky
Labour & Employment,Labour Welfare Fund Scheme,https://labourwelfare.gov.in
Labour & Employment,Fixed Term Employment (FTE) Scheme for MSMEs,https://labour.gov.in
Labour & Employment,Pradhan Mantri Shram Yogi Maandhan (PM-SYM),https://maandhan.in
Labour & Employment,National Career Service (NCS) Portal – MSME Hiring,https://www.ncs.gov.in
GST & Taxation,GST Composition Scheme for Small Businesses,https://www.gst.gov.in/composition
GST & Taxation,Input Tax Credit (ITC) Automation for MSMEs,https://www.gst.gov.in
GST & Taxation,GST Sahay – Working Capital Loans via GST Data,https://www.gst.gov.in
GST & Taxation,Vivad Se Vishwas Scheme (Tax Dispute Resolution),https://www.incometaxindia.gov.in/vsv
GST & Taxation,TReDS – Trade Receivables Discounting System,https://rxil.in
GST & Taxation,Faceless Assessment & Appeal Scheme for MSMEs,https://www.incometaxindia.gov.in
Steel & Metals,National Steel Policy Raw Material Security for MSMEs,https://steel.gov.in
Steel & Metals,MSME Steel Processing Cluster Scheme,https://steel.gov.in
Steel & Metals,Jawaharlal Nehru Aluminium Research & Design Centre (JNARDDC),https://jnarddc.gov.in
Steel & Metals,Copper Development Centre Scheme,https://www.hindustancopper.com
Steel & Metals,Zinc & Lead Processing MSME Support,https://mines.gov.in
Oil & Gas,OIDB – Oil Industry Development Board Grants,https://petroleum.nic.in/oidb
Oil & Gas,NELP/OALP – Hydrocarbon Exploration for Private Players,https://dge.gov.in
Oil & Gas,City Gas Distribution (CGD) Network Startup Opportunities,https://pngrb.gov.in
Oil & Gas,Gas Pooling Scheme for Fertiliser Plants,https://petroleum.nic.in
Oil & Gas,LNG Terminal Development Incentive Scheme,https://petroleum.nic.in
Aerospace,Civil Aviation Research Organisation (CARO) Grants,https://www.civilaviation.gov.in
Aerospace,"MRO (Maintenance, Repair & Overhaul) Policy 2021",https://www.civilaviation.gov.in/mro
Aerospace,National Aviation Security Fund,https://www.civilaviation.gov.in
Aerospace,DGCA Regulatory Sandbox for eVTOL & AAM,https://www.dgca.gov.in
Aerospace,India-Israel R&D Fund for Aerospace Innovation,https://www.iserd.org.il
Aerospace,CSIR-NAL Technology Transfer for Aerospace MSMEs,https://www.nal.res.in
Gems & Jewellery,Common Facility Centre for Gems & Jewellery Clusters,https://www.gjepc.org
Gems & Jewellery,India International Jewellery Week (IIJW) Support,https://www.gjepc.org
Footwear & Leather,"Indian Footwear, Leather & Accessories Development Programme (IFLADP)",https://leatherindia.org
Footwear & Leather,"Mega Leather, Footwear & Accessories Cluster (MLFAC)",https://leatherindia.org
Footwear & Leather,PLI Scheme for Leather & Footwear Products,https://dpiit.gov.in
Footwear & Leather,National Leather Development Programme (NLDP),https://leatherindia.org
Footwear & Leather,CLFA (Council for Leather Exports) Marketing Support,https://www.leatherindia.org
Footwear & Leather,Technology Upgradation of Leather Sector (TULS),https://leatherindia.org
Furniture & Wood,PLI Scheme for White Goods Including Furniture Components,https://dpiit.gov.in
Furniture & Wood,National Action Plan for Forest Products (NAPFP),https://moef.gov.in
Furniture & Wood,Furniture & Fittings Skill Council Certification,https://ffsc.in
Furniture & Wood,Wood Based Industry Development Scheme,https://moef.gov.in
Paper & Printing,National Forest Policy for Paper Industry,https://moef.gov.in
Paper & Printing,Pulp & Paper Technology Mission,https://dpiit.gov.in
Chemicals,DPIIT Chemicals Investment Promotion Scheme,https://dpiit.gov.in
Chemicals,National Chemical Policy for Green Chemistry,https://chemicals.nic.in
Chemicals,Pesticide Management Bill Framework for Agri-Chem Startups,https://agricoop.nic.in
Chemicals,Explosives and Petroleum Safety Organisation (PESO) Startup Scheme,https://peso.gov.in
Rubber & Plastics,National Rubber Policy for MSME Manufacturers,https://rubberboard.gov.in
Rubber & Plastics,Rubber Plantation Development Scheme,https://rubberboard.gov.in
Rubber & Plastics,Coir Industry Development Scheme,https://coirboard.gov.in
Glass & Ceramics,Indian Ceramic Technology Cluster Scheme,https://dpiit.gov.in
Glass & Ceramics,Central Glass & Ceramic Research Institute (CGCRI) Incubation,https://cgcri.res.in
Construction,PM Awas Yojana – Beneficiary-Led Construction (BLC),https://pmay-urban.gov.in
Construction,RERA Startup Technology Solution Empanelment,https://rera.gov.in
Construction,National Buildings Construction Corporation (NBCC) Startup Tie-up,https://www.nbcc.co.in
Construction,Green Building Rating System (GRIHA) Certification Support,https://www.grihaindia.org
Construction,Pradhan Mantri Sahaj Bijli Har Ghar Yojana (SAUBHAGYA),https://saubhagya.gov.in
Research Institutions,CSIR Jigyasa – School-Lab Innovation Programme,https://csirjigyasa.in
Research Institutions,IIT Bombay SINE Incubation Programme,https://www.sineiitb.org
Research Institutions,IIT Delhi Foundation for Innovation & Technology Transfer (FITT),https://fitt-iitd.org
Research Institutions,IIT Madras Research Park Incubation,https://www.iitmrp.in
Research Institutions,IISc Entrepreneurship Cell & Startup Hub,https://www.iisc.ac.in
Research Institutions,NIT Trichy Technology Incubation Centre,https://nitt.edu
Research Institutions,IIST – Indian Institute of Space Science & Technology Startups,https://www.iist.ac.in
Research Institutions,C-DAC AI Incubation Programme,https://www.cdac.in
Research Institutions,NCBS – National Centre for Biological Sciences Biotech Incubation,https://www.ncbs.res.in
Research Institutions,IIM Bangalore NSRCEL Startup Programme,https://nsrcel.org
Research Institutions,IIM Calcutta Innovation Park (IIMCIP),https://iimcip.org
Research Institutions,XLRI – Xavier School of Management Startup Support,https://www.xlri.ac.in
Research Institutions,ISB Hyderabad – DLabs Incubation,https://dlabs.isb.edu
Research Institutions,IARI – Indian Agricultural Research Institute Startup Grants,https://www.iari.res.in
International Collaboration,India-US Strategic Clean Energy Partnership (SCEP),https://www.energy.gov/ia/india
International Collaboration,USAID PACE India Programme for Startups,https://www.usaid.gov/india
International Collaboration,EU-India Innovation Cooperation,https://eic.ec.europa.eu
International Collaboration,India-Israel Industrial R&D Fund (ISERD),https://www.iserd.org.il
International Collaboration,India-UK PRISM (Prosperity & Resilience through Innovation),https://innovateuk.ukri.org/india
International Collaboration,Indo-German Science & Technology Centre (IGSTC),https://www.igstc.org
International Collaboration,India-Japan Startup Hub Initiative,https://www.startupindia.gov.in
International Collaboration,ASEAN-India Innovation Platform,https://www.startupindia.gov.in
International Collaboration,India-Canada Industrial R&D Programme (IC-IMPACTS),https://icimpacts.com
International Collaboration,Bilateral Trade Promotion Agreement (BTPA) Export Grants,https://commerce.gov.in
Insurance,PMFBY – Crop Insurance for Agri Startups,https://pmfby.gov.in
Insurance,National Crop Insurance Programme (NCIP),https://agricoop.nic.in
Insurance,Weather Based Crop Insurance Scheme (WBCIS),https://pmfby.gov.in
Insurance,IRDAI Motor Third Party Pooling for EV Startups,https://www.irdai.gov.in
Insurance,Micro Insurance Scheme for Low Income Entrepreneurs,https://www.irdai.gov.in
Insurance,Export Credit Guarantee Corporation (ECGC) Trade Credit Insurance,https://www.ecgc.in
Printing & Packaging,PLI Scheme for Printing Ink & Packaging Materials,https://dpiit.gov.in
Printing & Packaging,Flexible Packaging Innovation Cluster Scheme,https://dpiit.gov.in
Printing & Packaging,Indian Institute of Packaging (IIP) Technology Transfer,https://www.iip-in.com
Printing & Packaging,FLEXPACK India Innovation Grant,https://www.iip-in.com
LegalTech Startups,National Legal Services Authority (NALSA) Tech Startup Programme,https://nalsa.gov.in
LegalTech Startups,Tele-Law Scheme – Legal Services Startup Integration,https://telelaw.gov.in
LegalTech Startups,Ministry of Law – Digital Courts Innovation Challenge,https://doj.gov.in
LegalTech Startups,Nyaya Bandhu – Pro Bono Tech Startup Integration,https://nyayabandhu.nic.in
AgriTech Startups,NABI – National Agri-Food Biotechnology Institute Incubation,https://www.nabi.res.in
AgriTech Startups,ICRISAT Innovation Lab for Dryland Crops,https://www.icrisat.org
AgriTech Startups,ATMA (Agricultural Technology Management Agency) Support,https://agricoop.nic.in/atma
AgriTech Startups,MANAGE – National Institute of Agricultural Extension Grants,https://manage.gov.in
AgriTech Startups,"ICAR – National Fund for Basic, Strategic and Frontier Application Research",https://www.icar.org.in/nfbsfara
HealthTech Startups,Central Drug Research Institute (CDRI) Incubation Scheme,https://www.cdri.res.in
HealthTech Startups,ICMR Extramural Research Grants for MedTech,https://www.icmr.gov.in
HealthTech Startups,DBT–BIRAC BIONEST for Healthcare Startups,https://birac.nic.in/bionest.php
HealthTech Startups,DBT Wellcome India Alliance Research Grants,https://www.indiaalliance.org
HealthTech Startups,NHSRC – National Health Systems Resource Centre Tech Grants,https://nhsrcindia.org
EduTech Startups,National e-Governance Division (NeGD) EdTech Innovation,https://www.negd.gov.in
EduTech Startups,DIKSHA Platform for EdTech Startup Integration,https://diksha.gov.in
EduTech Startups,CBSE Skill Education Lab Setup Scheme,https://www.cbse.gov.in
EduTech Startups,NIT Startup – National Institute of Technology Incubation Seed Fund,https://aicte-india.org
EduTech Startups,AICTE Idea Lab – Innovation & Design Excellence for Students,https://idealab.aicte-india.org
LogisticsTech Startups,Logistics Data Bank (LDB) Service Provider Scheme,https://www.logisticsdatabank.in
LogisticsTech Startups,Freight Operations Information System (FOIS) Startup Integration,https://fois.indianrailways.gov.in
LogisticsTech Startups,Port Community System (PCS1x) Startup Partner Programme,https://www.pcs1x.com
LogisticsTech Startups,National Logistics Policy – Ease of Logistics (ELOG),https://dpiit.gov.in/nlp
LogisticsTech Startups,NICDC Logistics Data Services for Startups,https://nicdc.in
State Level (Gujarat),Gujarat IT/ITeS Policy 2022-27 for Startups,https://dst.gujarat.gov.in
State Level (Gujarat),Vibrant Gujarat Startup Summit Grant,https://vibrantgujarat.com
State Level (Maharashtra),Maharashtra Startup Week Grants,https://startup.maharashtra.gov.in
State Level (Maharashtra),MSRDC Infrastructure Startup Support,https://www.msrdc.org
State Level (Karnataka),One Crore Internship Programme Karnataka,https://internship.karnataka.gov.in
State Level (Karnataka),Karnataka Biotechnology Policy,https://kbits.kar.nic.in
State Level (Tamil Nadu),TANSIM – Tamil Nadu Startup & Innovation Mission,https://tansim.tn.gov.in
State Level (Tamil Nadu),TIDEL Park Incubation Scheme,https://tidel.org
State Level (Andhra Pradesh),AP Innovation Society (APIS) Deep Tech Fund,https://apinnovation.ap.gov.in
State Level (Andhra Pradesh),Sunrise AP Startup Support Fund,https://sunrise.ap.gov.in
State Level (Telangana),Hyderabad FinTech Valley Initiative,https://fintechvalley.in
State Level (Telangana),Telangana Emerging Technology Wing (ETW) Grants,https://tsiic.telangana.gov.in
State Level (Kerala),KSUM IEDC (Innovation and Entrepreneurship Development Centre),https://iedc.startupmission.in
State Level (Kerala),Kerala Startup Mission Angel Network,https://startupmission.kerala.gov.in
State Level (West Bengal),WEBEL IT Startup Incubation Scheme,https://www.webel.in
State Level (West Bengal),Biswa Bangla Marketing Scheme for Handicrafts,https://biswabangla.in
State Level (Odisha),OCAC IT Startup Incubation Scheme,https://ocac.in
State Level (Odisha),Odisha Livelihood Mission Startup Support,https://www.spsodisha.org
State Level (Madhya Pradesh),MPIDC Industrial Plot for Startups,https://mpidc.co.in
State Level (Madhya Pradesh),MP Laghu Udyog Nigam MSME Support,https://www.mplun.com
State Level (Punjab),Punjab Rural Development & Panchayat Innovation Fund,https://panchayat.punjab.gov.in
State Level (Haryana),Haryana Textile Policy 2019,https://haryanaindustries.gov.in
State Level (Rajasthan),Rajasthan Agro Processing Startup Scheme,https://rajasthan.gov.in
State Level (Bihar),Bihar Industrial Area Development Authority (BIADA) Scheme,https://biada.in
State Level (Jharkhand),JIDCO – Jharkhand Industrial Dev Corp Scheme,https://jidco.co.in
State Level (Assam),Assam Electronic Development Corporation (AMTRON) Incubation,https://amtron.in
State Level (Chhattisgarh),CIPET – Central Institute of Petrochemicals Engineering CG Scheme,https://cipet.gov.in
State Level (Himachal Pradesh),HIMUDA Industrial Area Startup Plot Scheme,https://himuda.com
State Level (Uttarakhand),UPCL Green Energy Startup Incentive,https://upcl.org
State Level (Goa),Goa Investment Promotion Board MSME Scheme,https://goaiipb.com
State Level (J&K),J&K Handicrafts Development Corporation Scheme,https://jkhandicraft.jk.gov.in
State Level (Ladakh),Ladakh Autonomous Hill Development Council – Startup Fund,https://lahdc-kargil.gov.in
Deep Tech & Innovation,Mission IOCL for Hydrogen Technology Startups,https://iocl.com
Deep Tech & Innovation,POWER-Tech India – Power Sector Innovation Grants,https://powermin.gov.in
Deep Tech & Innovation,Centre of Excellence for Climate & Sustainability (CoECS),https://dst.gov.in
Deep Tech & Innovation,National Mission on Power Electronics Technology (NaMPET),https://www.meity.gov.in
Deep Tech & Innovation,India Electronics Week Innovation Challenge,https://www.meity.gov.in
Deep Tech & Innovation,Quantum Computing Applications Lab (QCAL),https://dst.gov.in
Deep Tech & Innovation,National Centre for Photonics Technology (NCPG),https://dst.gov.in
Deep Tech & Innovation,CERN – India Innovate Collaboration Grants,https://www.tifr.res.in
Deep Tech & Innovation,INSPIRe – Innovation in Science Pursuit for Inspired Research,https://www.online-inspire.gov.in
Deep Tech & Innovation,NIDHI-Accelerator (DST) – Deep Tech Startup Acceleration,https://nidhi.dst.gov.in/accelerator
Retail & Consumer,Open Network for Digital Commerce (ONDC) Seller Onboarding,https://ondc.org
Retail & Consumer,National Retail Policy 2021 – MSME Retail Support,https://dpiit.gov.in
Retail & Consumer,PM Retail Credit Guarantee Scheme,https://www.ncgtc.in
Retail & Consumer,DPIIT Retail Innovation Sandbox,https://dpiit.gov.in
Waste Management,National Resource Efficiency Policy (NREP),https://moef.gov.in/nrep
Waste Management,Extended Producer Responsibility (EPR) for Plastics,https://cpcb.nic.in/epr
Waste Management,Battery Waste Management Rules – Startup Opportunity,https://cpcb.nic.in
Waste Management,E-Waste Recycling Authorisation Scheme,https://cpcb.nic.in
Waste Management,Swachh Bharat Mission Urban – SWM Startup Support,https://sbmurban.org
Waste Management,Construction & Demolition Waste Processing Scheme,https://moef.gov.in
Waste Management,Municipal Solid Waste (MSW) Concession for Startups,https://mohua.gov.in
Waste Management,CPCB Green Credit Programme for Startups,https://cpcb.nic.in/green-credit
Blue Economy,Deep Ocean Mission – Mineral Extraction Startup,https://www.moes.gov.in/dom
Blue Economy,National Marine Fisheries Data Centre (NMFDC),https://www.cmfri.org.in
Blue Economy,Coastal Aquaculture Authority (CAA) Licensing for Startups,https://caa.gov.in
Blue Economy,National Fisheries Development Board (NFDB) Schemes,https://nfdb.gov.in
Blue Economy,Seaweed Mission – National Mission for Seaweed Cultivation,https://dof.gov.in
Blue Economy,Desalination Technology for Coastal MSMEs (CSIR-CSMCRI),https://www.csmcri.res.in
Smart Infrastructure,National Smart Grid Mission (NSGM),https://nsgm.gov.in
Smart Infrastructure,Smart Metering National Programme Startup Empanelment,https://powermin.gov.in
Smart Infrastructure,Smart Cities Labs – Urban Innovation Challenge,https://smartcities.gov.in
Smart Infrastructure,Housing & Urban Development Corporation (HUDCO) Tech Scheme,https://hudco.org
Smart Infrastructure,Urban Innovation Challenge (UIC) – MoHUA,https://mohua.gov.in
Innovation Grants,DST Inspire Faculty Award & Research Grant,https://www.online-inspire.gov.in
Innovation Grants,Biotechnology Ignition Grant (BIG) Expansion Round,https://birac.nic.in/big.php
Innovation Grants,Science & Engineering Research Board (SERB) CRG Grant,https://www.serbonline.in
Innovation Grants,CSIR Research Associateship for Industry Projects,https://www.csir.res.in
Innovation Grants,IISc MRDG Research Seed Grant for Startups,https://www.iisc.ac.in
Agriculture & AgriTech,Pradhan Mantri Kisan Drones for Pesticide Spraying,https://agricoop.nic.in
Agriculture & AgriTech,National Mission for Protein Supplements (NMPS),https://dahd.nic.in/nmps
Agriculture & AgriTech,Horticulture Development Programme for NE and Himalayan States,https://midh.gov.in
Agriculture & AgriTech,Oil Palm Area Expansion (OPAE) Scheme,https://nmeo.dac.gov.in
MSME,MSME Performance and Credit Rating Scheme,https://msme.gov.in
MSME,Quality Management Standards & Quality Tech Tools (QMS/QTT),https://msme.gov.in
MSME,Grievance Against Payment Delay (MSME SAMADHAAN Plus),https://samadhaan.msme.gov.in
Social Welfare,PM Garib Kalyan Rozgar Abhiyan,https://rural.nic.in/pgkra
Social Welfare,NARI Shakti Vandan Adhiniyam – Women Reservation Support Fund,https://wcd.nic.in
Social Welfare,Pradhan Mantri Surakshit Matritva Abhiyan (PMSMA),https://pmsma.mohfw.gov.in
Cooperative & Rural,PM POSHAN – National Programme for Mid Day Meals Vendor Scheme,https://pmposhan.education.gov.in
Cooperative & Rural,National Livelihood Mission – Digital Financial Inclusion,https://aajeevika.gov.in
Cooperative & Rural,Rural Self Employment Training Institutes (RSETI),https://www.rseti.in
FinTech & BFSI,Open Finance Framework for Embedded Lending Startups,https://www.rbi.org.in
FinTech & BFSI,India Stack Developer Access Programme,https://indiastack.org
FinTech & BFSI,DigiLocker API Integration for Fintech KYC,https://digilocker.gov.in
CleanTech & GreenTech,Zero Defect Zero Effect (ZED) Green Certification,https://zed.msme.gov.in
CleanTech & GreenTech,National Mission for Sustainable Agriculture – Climate Change Adaptation,https://nmsa.dac.gov.in
Waste Management,National Action Plan on Marine Litter (NAPML) Innovation Grant,https://moef.gov.in
Waste Management,National Urban Sanitation Policy Innovation Challenge,https://mohua.gov.in
AI & Data,National Language Translation Mission (NLTM) – Bhashini Startup Integration,https://bhashini.gov.in
AI & Data,AI Pravega – AI Research Grants via IIT Consortium,https://indiaai.gov.in
Semiconductors,Chip-to-Startup (C2S) Programme – VLSI Design Education,https://www.meity.gov.in/c2s
Drone & UAV,Digital Sky Platform – NPNT Drone Certification,https://digitalsky.dgca.gov.in
EV & Green Mobility,CESL Convergence EV Charging Startup Programme,https://cesl.co.in
Research Institutions,IITM Pravartak Technologies Foundation Incubation,https://pravartak.org.in
Research Institutions,Amrita University – Ammachi Labs Social Innovation Fund,https://ammachilabs.org
Research Institutions,Manipal Academy MAHE Innovation Grants,https://manipal.edu
International Collaboration,World Bank MSME Development Programme India,https://www.worldbank.org/india
